CGPA,Attendance,Aptitude_Score,Coding_Score,Communication_Score,Number_of_Projects,Placed,Salary
7.33,78.3,63.3,74.0,68.1,4,0,0
8.57,85.4,75.4,62.6,66.5,1,1,410000
7.1,64.8,50.7,70.6,64.7,1,1,370000
7.15,71.4,86.1,100.0,66.6,0,1,400000
6.8,87.1,64.6,65.9,62.5,3,1,350000
8.38,84.0,43.4,29.9,63.7,0,0,0
8.33,82.0,63.5,67.9,70.7,2,1,480000
5.32,85.5,72.3,76.0,58.8,5,0,0
6.52,69.0,76.5,88.4,77.6,5,1,420000
7.18,73.5,53.5,90.5,96.2,2,1,500000
7.14,82.2,81.6,46.6,67.9,3,0,0
5.39,93.5,53.6,64.0,70.4,2,1,380000
7.48,69.4,52.7,50.5,78.2,3,0,0
7.81,81.7,81.3,77.9,74.1,0,1,380000
6.29,88.9,53.8,63.0,36.1,5,0,0
7.17,65.1,53.5,56.4,65.4,3,0,0
7.55,80.7,60.8,28.6,95.0,4,0,0
9.57,69.4,58.6,87.2,63.3,1,1,470000
5.48,75.7,64.5,59.9,68.7,2,0,0
9.14,67.0,63.2,66.5,96.2,0,0,0
7.25,61.7,83.3,56.6,85.5,4,1,380000
8.25,90.5,34.6,27.9,92.7,5,0,0
7.81,88.2,86.7,59.1,53.2,0,1,430000
7.51,83.6,83.9,63.3,68.5,5,1,370000
6.91,74.7,89.6,37.8,80.0,5,1,310000
6.01,81.1,59.8,19.2,60.1,3,0,0
7.78,73.9,78.1,72.2,55.1,5,1,360000
9.15,84.9,61.8,54.4,66.3,0,0,0
7.51,86.5,50.1,66.6,68.0,0,1,340000
5.27,87.0,60.4,58.0,98.5,0,0,0
9.59,71.3,73.7,79.9,73.4,0,1,480000
7.54,80.6,38.5,89.0,72.7,5,1,310000
10.0,71.3,42.6,49.1,77.1,0,1,340000
6.18,74.0,64.9,53.1,54.7,4,0,0
9.18,100.0,73.4,66.2,51.4,1,1,320000
5.15,93.5,47.1,48.8,76.0,5,0,0
6.24,73.9,74.3,54.6,67.7,3,0,0
8.68,90.6,31.7,72.2,71.9,4,1,320000
10.0,79.7,74.3,66.2,66.7,0,1,430000
8.34,73.4,80.6,91.7,64.1,5,1,340000
5.75,77.3,32.3,44.4,94.5,2,0,0
7.93,83.2,53.7,54.8,51.1,1,0,0
6.6,61.9,53.6,59.5,74.1,5,0,0
6.64,83.7,90.8,60.8,62.4,5,1,330000
5.75,85.6,58.2,56.4,91.6,1,0,0
5.32,74.6,57.6,54.4,79.0,0,0,0
8.16,75.9,65.0,69.3,75.9,3,0,0
9.47,77.3,74.8,53.4,84.1,1,1,500000
7.7,78.5,63.9,42.1,94.5,5,0,0
7.85,72.7,66.7,50.7,90.6,1,0,0
8.34,100.0,48.7,90.0,77.4,5,1,390000
7.87,88.4,90.8,20.7,66.1,3,1,310000
6.51,62.6,63.3,64.1,78.4,4,0,0
8.42,78.2,77.4,73.4,68.3,4,1,350000
8.09,79.5,72.9,52.3,85.4,4,1,380000
8.83,74.4,60.3,27.7,63.2,0,0,0
10.0,72.9,49.2,39.4,92.8,4,1,340000
7.05,89.5,54.7,69.6,80.9,3,1,340000
6.36,60.6,55.5,48.8,69.6,2,0,0
8.02,97.0,54.6,49.0,49.0,4,1,300000
4.95,83.6,67.6,48.3,85.6,5,0,0
7.11,77.0,75.5,55.7,59.9,1,1,360000
8.39,81.1,36.2,66.1,83.9,5,1,390000
5.8,72.7,53.7,73.5,83.7,0,1,300000
7.65,73.1,72.7,30.9,51.3,0,0,0
5.42,84.9,42.9,8.4,39.7,3,0,0
6.05,69.6,36.7,58.9,39.4,5,0,0
8.35,71.6,65.3,21.7,65.6,3,1,380000
6.83,74.3,75.9,67.7,68.2,4,1,400000
8.1,82.8,58.6,67.7,73.5,2,1,480000
6.3,77.3,69.2,80.1,86.4,5,1,380000
9.96,82.5,49.8,49.6,81.8,3,1,400000
9.3,60.3,43.3,76.2,50.5,1,1,270000
6.54,80.6,50.2,61.8,56.9,5,0,0
8.19,89.7,79.6,80.1,84.8,4,1,420000
7.24,76.4,37.9,77.4,74.8,2,1,340000
7.75,88.6,66.0,40.5,70.4,2,0,0
8.19,70.3,65.0,53.5,80.2,0,0,0
7.84,65.8,66.0,11.1,71.0,1,0,0
7.6,91.3,92.4,92.0,58.7,2,1,500000
8.31,91.9,64.9,50.1,86.4,0,0,0
5.07,69.1,35.9,40.0,44.7,1,0,0
9.13,87.0,60.2,53.4,74.1,4,0,0
8.23,63.2,61.0,57.7,48.4,0,0,0
6.4,79.7,81.3,29.9,100.0,5,1,420000
8.53,73.0,70.3,70.2,48.5,4,1,330000
8.03,68.4,49.0,62.2,68.6,1,0,0
7.75,76.3,73.3,49.9,49.9,3,1,330000
6.78,90.0,57.1,80.6,62.9,2,1,390000
8.86,69.4,64.6,62.8,76.0,5,1,460000
6.23,87.1,66.0,82.7,66.1,0,0,0
8.21,83.9,60.4,44.0,55.2,4,0,0
5.25,100.0,51.7,54.2,57.7,1,0,0
8.07,84.5,78.6,76.9,70.7,1,1,310000
7.43,72.0,43.6,42.0,35.5,1,0,0
7.17,89.1,57.4,89.7,73.2,0,1,330000
5.75,74.9,86.2,88.7,39.6,4,1,350000
7.21,91.1,44.0,100.0,69.5,0,1,490000
8.03,70.9,83.9,72.6,78.0,4,1,430000
7.98,78.7,65.2,85.6,52.5,4,1,460000
7.72,92.0,49.6,66.6,99.1,2,0,0
7.12,78.5,71.6,57.7,71.7,2,0,0
7.13,75.1,67.7,67.0,86.4,4,1,370000
7.2,80.5,62.1,75.8,73.7,1,1,300000
9.38,71.9,49.4,39.2,84.4,4,1,310000
7.61,85.6,64.2,71.0,94.8,4,1,400000
7.49,67.0,63.1,70.0,61.3,2,0,0
6.1,80.0,68.7,62.8,58.0,2,0,0
8.35,81.2,51.4,24.7,67.4,5,0,0
8.18,68.2,65.8,47.6,53.9,2,0,0
8.16,92.1,53.4,42.6,81.7,2,1,270000
7.26,84.2,73.2,77.4,47.9,3,1,360000
8.09,68.4,52.5,64.9,52.3,3,1,470000
8.98,66.0,95.3,60.3,65.1,4,1,470000
6.2,92.8,47.1,36.0,75.4,2,0,0
5.78,85.9,94.2,97.2,61.4,1,1,400000
7.43,81.5,56.0,67.8,74.0,0,0,0
7.08,75.4,76.4,53.2,65.7,3,0,0
8.39,79.1,51.0,53.8,85.8,1,0,0
8.13,73.9,68.9,39.9,86.4,0,0,0
7.29,88.2,17.7,21.6,61.5,4,0,0
6.43,80.9,66.2,40.6,97.6,5,0,0
7.58,89.8,74.5,43.8,62.9,3,1,410000
6.16,89.7,83.1,9.2,65.9,4,0,0
8.55,78.1,88.4,82.8,96.7,0,1,560000
7.29,69.9,60.1,50.4,31.2,2,0,0
6.64,73.0,76.7,68.6,61.5,2,0,0
5.75,65.1,46.3,61.9,61.9,5,0,0
10.0,63.5,64.7,38.7,87.3,0,1,380000
5.77,85.3,68.8,56.5,73.6,2,0,0
6.69,83.2,45.7,75.9,74.0,4,1,390000
8.65,69.9,66.9,100.0,80.4,2,1,480000
5.78,83.7,78.5,46.7,65.6,0,0,0
6.47,83.3,46.7,45.1,59.9,2,0,0
7.87,89.4,54.0,61.5,52.4,5,1,320000
6.57,100.0,58.4,46.6,49.1,5,0,0
10.0,76.4,64.1,22.2,91.3,1,0,0
6.63,74.2,51.3,38.9,59.5,5,0,0
7.23,75.1,82.3,76.1,95.6,0,1,430000
5.79,72.2,75.6,69.0,69.9,1,0,0
8.06,60.1,53.2,77.6,68.7,3,1,350000
8.48,78.3,83.6,33.7,64.2,1,0,0
8.73,67.6,100.0,53.4,74.8,3,1,300000
8.98,81.1,43.5,68.4,60.7,5,1,290000
8.03,78.2,65.3,64.5,84.4,4,1,300000
7.58,83.6,79.7,20.8,65.1,1,0,0
7.82,80.8,72.5,59.7,71.8,3,1,350000
5.79,84.3,63.4,11.7,48.4,1,0,0
8.82,70.4,75.4,36.1,81.3,5,1,320000
6.61,87.9,93.1,48.0,88.5,4,1,520000
8.91,71.7,76.2,66.0,100.0,3,1,420000
8.19,83.8,39.4,19.1,82.8,1,0,0
7.69,73.4,74.2,37.7,46.5,1,0,0
7.18,85.0,65.9,59.1,75.3,1,0,0
5.42,75.5,88.2,85.6,79.6,1,1,360000
7.32,79.1,64.2,70.4,63.5,0,1,360000
5.44,82.6,57.8,59.2,33.8,0,0,0
7.13,58.3,58.1,45.8,67.7,3,0,0
8.23,71.4,83.4,79.8,39.9,2,1,490000
7.16,77.7,61.7,88.0,57.3,4,1,280000
6.2,77.9,59.6,54.4,61.2,5,0,0
8.59,71.2,75.6,44.1,81.8,3,1,250000
5.94,89.6,60.0,76.0,68.9,5,1,520000
7.9,78.3,68.3,52.3,90.2,1,1,410000
6.0,75.4,52.6,53.2,80.1,5,1,330000
8.67,76.2,69.2,56.7,67.0,0,1,370000
6.77,76.7,59.1,48.1,92.5,2,1,370000
8.23,85.3,67.4,80.9,46.2,4,1,420000
6.2,70.6,99.0,67.6,75.7,1,1,270000
7.2,96.8,77.3,51.2,73.5,5,1,290000
6.96,83.2,62.5,56.3,69.7,3,0,0
6.83,81.7,60.0,76.4,88.8,0,1,370000
8.62,93.9,70.9,62.5,55.2,4,1,390000
6.6,82.8,65.2,50.2,58.9,5,1,240000
6.28,73.2,61.2,73.2,75.0,1,0,0
7.24,86.5,72.5,71.7,69.1,5,1,400000
6.93,82.2,54.4,57.1,49.2,2,0,0
9.65,88.7,67.8,61.0,96.3,4,1,440000
6.4,84.4,57.1,47.2,37.7,1,0,0
8.03,66.8,81.6,20.9,94.6,1,1,310000
6.38,84.0,91.7,79.2,69.7,1,1,300000
9.01,86.5,55.3,57.5,72.3,5,1,270000
7.85,73.3,71.0,70.5,49.7,5,1,280000
10.0,91.2,53.4,43.9,51.8,5,1,360000
8.87,74.1,51.1,39.0,83.9,1,0,0
6.25,84.2,46.9,33.8,58.3,0,0,0
7.01,90.2,91.5,73.2,96.6,0,1,450000
6.43,72.1,46.5,65.9,78.3,3,0,0
8.81,73.0,72.7,85.2,32.3,3,1,400000
9.55,93.0,51.8,86.4,60.8,1,1,430000
6.53,50.4,44.7,55.9,48.0,3,0,0
6.58,84.9,43.4,39.6,66.7,0,0,0
6.39,76.5,64.6,99.1,89.9,1,1,380000
6.71,91.4,73.8,74.4,92.8,3,1,470000
8.8,91.4,81.5,73.0,61.7,1,1,350000
6.42,63.5,63.4,29.7,48.7,3,0,0
7.27,79.9,51.7,100.0,56.1,1,1,460000
7.6,85.4,90.6,78.0,90.7,5,1,580000
7.75,78.1,51.7,89.2,79.9,1,1,380000
8.28,93.9,42.1,29.5,69.2,2,0,0
7.11,73.4,53.5,65.6,69.8,4,0,0
7.71,100.0,72.0,17.7,77.8,4,1,310000
8.83,78.9,62.1,79.2,31.5,1,1,270000
7.71,74.8,65.0,88.6,83.4,0,1,280000
7.15,68.3,69.4,65.9,78.8,4,1,410000
8.27,88.6,75.0,55.3,56.7,0,1,370000
6.46,85.1,54.6,74.1,79.3,2,1,280000
9.58,71.9,49.4,31.4,78.0,3,1,340000
7.28,74.8,60.5,39.0,76.1,2,0,0
7.65,85.6,84.1,49.9,47.0,1,1,370000
7.38,83.0,41.7,77.2,63.0,3,1,340000
7.32,79.0,53.9,58.6,79.8,4,1,410000
6.56,90.4,73.6,87.4,56.0,4,1,450000
5.47,75.2,62.0,59.8,73.1,3,0,0
8.41,79.1,91.3,63.6,56.3,5,1,530000
8.76,88.0,65.3,49.3,61.8,5,1,380000
8.45,95.5,42.4,66.8,51.5,0,0,0
6.89,56.6,74.8,63.1,78.0,2,0,0
8.82,75.1,83.7,58.3,69.5,1,1,490000
6.96,99.4,85.9,68.6,66.1,3,1,420000
9.02,69.4,76.7,47.8,87.3,3,1,380000
6.06,93.2,64.3,68.3,55.8,1,1,370000
6.49,77.5,84.3,74.2,62.9,3,1,430000
8.15,89.4,42.2,70.5,87.6,3,1,320000
6.98,100.0,70.6,57.5,60.7,5,1,380000
6.23,57.7,77.8,81.4,70.8,0,0,0
7.65,94.3,41.3,97.2,78.5,3,1,420000
8.6,77.0,66.6,34.0,55.1,5,0,0
6.95,100.0,74.5,62.1,37.0,0,0,0
7.43,87.7,17.6,82.2,62.6,3,1,390000
7.7,85.1,73.3,65.5,58.2,5,0,0
10.0,74.1,53.4,32.6,58.2,2,0,0
8.63,67.3,84.2,47.4,74.8,0,0,0
9.62,78.3,66.5,83.3,57.5,3,1,350000
8.0,68.0,60.1,54.5,48.4,5,1,540000
6.28,81.4,48.5,74.1,79.2,0,1,250000
5.78,84.7,47.8,94.0,74.1,1,0,0
7.57,74.8,34.8,59.3,78.9,2,0,0
8.04,87.6,61.5,42.2,99.7,0,0,0
7.49,94.2,57.6,56.8,64.0,4,1,330000
6.48,69.6,57.0,54.1,47.1,2,0,0
8.35,69.2,66.6,55.7,90.6,4,1,350000
7.42,86.9,46.3,47.8,100.0,4,1,320000
6.76,100.0,38.0,63.9,65.0,0,0,0
7.24,74.6,50.5,71.3,65.5,5,1,420000
5.99,100.0,56.5,76.7,71.2,0,0,0
6.93,90.2,63.8,75.0,80.2,3,1,320000
8.32,72.2,96.5,50.0,83.6,5,0,0
6.72,95.7,47.0,60.3,57.1,0,0,0
8.51,85.4,54.3,63.9,65.9,2,1,340000
5.02,80.7,55.4,41.4,41.7,3,0,0
8.13,85.8,54.9,75.2,74.7,4,1,340000
8.02,91.9,80.9,70.6,71.1,4,1,330000
7.24,75.4,79.8,56.9,73.8,2,0,0
7.52,73.3,47.4,58.7,77.8,2,0,0
7.98,68.6,83.8,94.1,92.2,2,1,570000
9.42,100.0,64.2,43.2,55.5,4,1,390000
5.96,80.8,62.3,60.6,66.5,3,0,0
5.65,71.0,61.5,29.8,86.8,5,0,0
7.93,63.1,43.8,45.0,62.1,5,0,0
7.13,63.0,44.7,85.4,71.0,5,1,410000
7.68,81.2,61.7,70.6,64.4,4,1,250000
9.64,70.3,64.5,52.9,76.6,2,1,350000
8.87,79.9,38.1,95.0,52.1,4,1,450000
6.24,93.6,61.1,31.8,62.8,1,0,0
8.44,77.9,54.3,100.0,95.6,5,1,570000
8.0,95.1,59.3,76.9,94.4,2,1,410000
7.13,92.7,34.3,48.6,59.1,1,0,0
7.25,88.0,61.9,42.0,59.2,3,0,0
8.01,98.3,62.4,85.5,69.0,5,1,420000
6.74,76.1,56.1,38.4,66.8,3,0,0
6.84,89.9,61.6,50.1,100.0,1,0,0
5.16,92.9,77.3,44.2,82.1,2,1,400000
7.41,83.4,67.6,31.1,72.7,0,1,200000
8.14,76.8,71.9,51.6,100.0,3,0,0
7.68,73.8,64.8,19.4,69.0,2,0,0
6.98,78.0,77.2,58.3,88.7,3,1,340000
7.99,76.6,53.0,59.6,74.9,5,1,260000
6.61,82.0,74.6,90.1,74.9,1,1,380000
8.57,97.6,87.4,37.4,63.6,5,1,410000
10.0,96.0,30.2,66.6,84.7,3,1,410000
7.57,55.2,57.3,90.3,91.8,5,1,430000
7.65,94.8,56.4,62.5,56.7,5,0,0
7.73,64.8,42.1,23.6,62.9,1,0,0
6.19,81.5,79.5,58.6,60.1,4,0,0
8.22,62.3,66.7,29.9,48.2,4,0,0
5.73,85.1,82.1,72.1,87.5,4,1,430000
7.94,91.8,80.1,93.7,48.8,5,1,490000
7.05,77.8,37.8,57.6,52.8,3,0,0
6.09,75.0,59.0,44.8,81.4,0,0,0
7.46,66.9,78.2,65.2,100.0,0,1,440000
8.85,79.0,62.8,72.3,84.2,5,1,520000
6.74,71.7,79.7,59.1,92.3,3,0,0
10.0,92.5,70.7,52.4,74.8,4,1,380000
7.01,83.2,93.2,54.9,71.6,3,0,0
6.8,68.9,37.6,52.6,70.2,2,0,0
8.42,98.9,65.4,54.9,58.9,0,0,0
7.53,83.7,51.4,47.9,55.7,1,0,0
7.43,69.9,66.0,73.9,73.4,4,1,280000
8.38,79.7,82.0,46.9,47.2,2,0,0
7.7,100.0,83.1,57.8,59.7,4,1,340000
9.84,73.5,82.9,45.2,54.3,2,1,370000
9.17,74.6,67.9,42.9,62.6,3,1,320000
8.1,91.4,65.6,74.3,75.2,3,1,360000
8.83,73.4,83.8,54.9,77.4,1,1,470000
7.26,83.6,51.3,66.0,42.5,0,0,0
7.29,94.9,40.7,35.5,79.6,5,1,440000
7.1,73.8,73.4,100.0,59.2,1,1,470000
10.0,70.2,100.0,100.0,58.9,4,1,510000
7.15,70.4,65.9,77.6,66.5,5,1,350000
6.91,86.0,47.5,58.1,100.0,3,1,420000
7.58,71.2,68.8,76.6,98.7,5,1,360000
8.07,86.2,83.1,49.5,62.5,2,1,390000
7.7,92.9,65.5,85.3,82.8,3,1,350000
9.18,77.0,55.9,60.7,72.5,5,1,340000
6.77,78.2,100.0,21.0,87.6,0,0,0
9.18,75.0,66.4,39.5,76.0,5,1,400000
7.99,85.7,59.9,61.9,47.3,3,0,0
7.38,78.5,49.9,55.9,93.9,4,1,320000
7.72,79.7,73.7,32.4,81.4,0,0,0
8.77,74.0,66.2,87.8,69.8,3,1,460000
10.0,92.1,54.2,63.8,65.9,0,1,360000
6.15,63.7,65.4,51.2,56.2,0,0,0
6.28,68.2,90.2,79.2,61.7,0,0,0
9.62,66.2,69.1,100.0,63.1,2,1,470000
7.95,81.1,93.7,40.7,66.4,2,1,360000
8.31,80.7,82.2,89.2,84.9,2,1,380000
7.97,86.3,72.6,42.9,80.7,5,1,360000
9.79,100.0,62.1,36.7,74.9,3,1,360000
7.55,84.0,48.7,43.1,37.4,2,0,0
8.44,81.5,82.4,58.9,48.0,3,1,460000
8.13,92.2,46.2,83.5,66.8,0,1,410000
8.1,82.9,59.9,32.5,69.1,0,0,0
9.91,93.0,41.1,71.5,75.1,3,1,530000
6.05,84.0,62.1,62.5,66.0,4,1,330000
8.01,60.5,80.5,61.6,74.4,4,0,0
10.0,64.5,56.8,54.7,64.0,2,1,350000
7.42,85.6,71.0,73.9,61.9,2,1,460000
7.49,87.5,50.8,41.0,72.4,2,0,0
8.7,80.4,73.0,43.6,80.5,3,1,360000
8.45,61.8,73.0,58.3,54.4,1,1,330000
6.76,80.8,54.4,70.5,68.0,4,0,0
7.71,71.3,60.0,94.5,47.0,1,1,470000
6.24,73.1,57.1,37.0,86.0,5,0,0
8.04,97.3,67.8,53.4,85.4,5,1,320000
5.8,80.1,66.1,89.3,64.3,0,0,0
5.96,84.2,48.9,47.8,96.8,3,0,0
5.46,75.2,44.8,92.8,49.2,0,0,0
8.2,84.8,60.4,49.6,55.3,5,0,0
6.97,70.9,65.7,8.1,68.0,2,0,0
7.85,96.3,43.6,49.1,72.6,3,1,280000
7.72,66.8,51.2,59.9,77.0,3,1,340000
7.95,78.0,76.9,31.8,62.0,1,0,0
6.4,78.8,84.6,78.4,64.7,0,1,370000
7.72,75.4,77.6,36.5,66.0,5,0,0
7.53,86.2,75.3,81.6,80.5,3,1,430000
6.97,75.3,56.7,43.2,67.5,3,0,0
6.5,74.6,62.1,47.0,70.4,0,0,0
5.6,71.6,51.1,55.6,72.4,5,0,0
8.46,70.7,52.0,39.3,54.7,2,0,0
6.71,88.9,75.5,86.5,80.5,4,1,310000
8.05,82.7,74.5,71.5,79.4,4,1,530000
6.26,88.7,51.0,50.5,51.4,5,0,0
8.17,77.4,71.2,74.3,81.1,4,1,490000
8.57,83.1,73.1,60.7,85.4,4,0,0
6.8,71.6,41.4,61.6,61.5,4,0,0
9.49,83.3,61.9,75.5,61.1,3,1,420000
5.61,73.1,47.1,60.7,59.4,4,0,0
8.01,71.4,66.9,54.8,66.3,3,0,0
9.31,91.3,65.1,43.2,86.4,2,1,390000
7.83,76.8,70.0,52.5,73.9,5,1,290000
6.55,75.1,59.8,32.5,74.1,1,0,0
8.34,63.3,48.3,49.5,62.5,5,0,0
7.09,92.6,82.2,52.9,92.3,1,0,0
9.55,75.9,100.0,29.4,75.2,1,1,370000
7.5,95.8,77.0,30.2,62.2,4,0,0
6.36,69.6,60.8,65.6,77.1,3,0,0
6.54,79.2,78.3,52.5,82.7,0,0,0
9.08,65.8,98.5,89.6,54.6,0,1,450000
7.84,70.3,92.4,52.6,56.8,2,1,260000
6.67,91.2,49.2,50.7,57.4,0,0,0
9.11,84.0,66.4,56.9,77.9,3,1,360000
10.0,80.1,71.8,89.2,84.7,1,1,500000
9.23,65.5,76.8,70.5,89.3,5,1,380000
8.11,88.7,57.1,89.1,72.2,5,1,460000
8.19,83.9,82.8,72.6,53.8,0,1,380000
6.76,62.6,80.7,58.4,73.9,3,1,340000
9.34,89.6,76.4,71.6,65.5,1,1,440000
6.36,68.3,82.6,70.7,63.1,2,0,0
7.21,66.1,74.0,76.8,58.5,0,0,0
8.02,76.7,82.4,82.6,60.5,1,1,490000
7.52,94.4,65.2,87.1,67.8,5,1,430000
9.79,83.3,72.2,50.5,62.4,3,1,380000
7.39,83.2,94.9,30.2,62.7,3,0,0
7.2,77.1,66.8,58.0,61.6,3,1,220000
8.5,70.1,49.9,82.7,73.0,0,0,0
7.95,80.4,64.7,65.7,94.6,4,1,430000
7.07,95.4,66.7,39.1,52.5,4,1,300000
6.78,74.6,58.4,82.3,77.9,4,1,510000
6.76,91.8,66.8,31.1,62.0,3,0,0
7.21,60.8,71.0,63.0,54.9,4,1,380000
9.17,85.0,59.9,49.6,78.1,0,1,410000
9.03,100.0,39.1,55.0,68.3,1,0,0
7.5,59.7,64.2,50.0,81.0,3,0,0
7.44,83.6,60.4,34.5,84.6,2,0,0
9.73,86.8,69.4,70.1,74.6,5,1,270000
7.35,72.9,60.5,59.7,77.3,3,0,0
5.73,97.0,81.5,100.0,96.4,5,1,510000
7.43,69.6,58.2,78.7,67.8,0,0,0
6.95,77.8,62.7,54.2,73.0,0,1,360000
7.93,78.9,53.1,63.5,77.5,4,1,260000
6.39,82.6,58.2,93.9,69.3,2,1,350000
6.33,73.6,66.4,46.9,90.6,1,0,0
9.13,98.8,83.5,63.7,54.8,0,1,330000
7.56,79.8,49.0,27.5,69.0,4,0,0
8.75,78.9,100.0,47.0,77.6,0,1,370000
9.75,69.9,41.9,56.2,41.7,0,1,350000
6.26,74.2,55.2,44.8,65.5,5,0,0
8.36,78.4,64.1,77.4,77.3,5,1,310000
6.89,89.7,68.7,100.0,86.9,0,1,540000
7.9,85.0,50.0,64.3,32.2,1,0,0
6.22,83.3,68.9,53.0,74.5,5,0,0
7.39,77.3,71.9,44.7,79.5,2,1,390000
7.2,81.9,56.6,95.3,87.0,3,1,480000
6.08,75.6,70.8,65.2,72.1,0,0,0
9.15,55.1,84.0,87.3,55.3,5,1,530000
8.88,86.7,70.1,56.1,80.0,5,1,410000
6.91,81.8,88.3,38.9,67.8,3,1,270000
10.0,87.1,43.0,73.1,55.3,3,1,410000
7.89,86.2,69.7,75.0,73.0,4,1,350000
6.21,70.3,33.9,60.3,63.6,3,0,0
8.02,85.1,78.7,43.8,51.6,0,0,0
9.59,78.8,53.1,79.4,37.0,4,1,390000
7.09,87.2,85.0,64.4,96.9,2,1,400000
10.0,91.1,39.8,53.7,100.0,0,1,300000
7.51,87.4,39.0,52.6,67.9,1,0,0
4.46,67.0,38.2,90.2,79.3,1,0,0
5.68,70.1,54.3,18.1,92.9,4,0,0
6.08,75.0,81.9,100.0,82.9,2,1,430000
7.65,82.5,84.1,69.4,87.0,2,1,350000
8.2,76.7,81.3,83.2,95.2,2,1,450000
8.13,82.1,62.7,49.4,84.1,2,1,410000
8.63,77.6,79.1,52.8,80.2,1,1,450000
9.43,77.5,45.2,71.0,56.9,5,1,360000
9.31,77.0,88.8,44.8,73.3,1,1,440000
6.09,91.3,62.4,72.0,93.3,4,1,370000
4.5,100.0,68.8,58.9,43.0,4,0,0
7.78,92.7,72.6,55.7,69.7,2,1,250000
8.73,98.1,85.0,76.6,49.9,3,1,310000
8.32,80.5,60.1,42.6,75.5,0,0,0
6.03,90.7,95.6,52.0,55.4,4,1,350000
5.9,93.3,69.7,34.5,70.6,3,0,0
9.58,88.6,61.3,76.8,75.6,1,1,470000
8.04,76.2,96.9,81.7,83.5,4,1,390000
8.97,70.3,45.2,72.2,57.5,0,0,0
8.15,84.0,73.5,88.7,65.8,2,1,330000
6.96,72.9,77.3,71.3,53.4,0,0,0
6.69,88.1,58.9,88.3,61.9,0,1,330000
7.96,93.7,81.8,56.7,89.7,3,1,460000
5.74,81.0,80.8,73.6,82.4,2,1,440000
7.64,82.8,54.1,65.8,80.1,1,0,0
7.53,65.2,76.8,69.4,31.5,4,0,0
7.56,83.5,51.2,75.8,92.3,3,1,400000
6.71,76.8,60.5,79.1,72.4,4,1,230000
9.25,69.5,55.8,35.0,88.4,1,1,390000
8.19,78.1,67.3,72.7,75.8,5,1,440000
4.0,93.6,45.2,32.8,68.4,0,0,0
8.81,86.6,37.0,47.3,36.8,0,0,0
7.88,66.4,49.5,57.1,62.7,4,1,340000
4.8,67.2,70.7,65.6,74.9,4,0,0
9.3,66.0,63.1,89.1,54.7,1,1,380000
7.39,85.5,47.1,40.6,100.0,2,1,380000
7.36,77.0,53.3,62.5,60.5,2,1,360000
6.64,97.8,79.3,36.4,80.6,2,0,0
8.78,78.3,70.5,45.9,51.3,1,1,300000
5.02,87.9,50.6,72.7,55.6,0,0,0
6.8,79.4,58.3,82.0,89.3,4,1,390000
8.27,81.2,79.2,27.0,70.1,2,1,350000
7.23,72.3,72.9,38.8,64.9,0,0,0
7.57,91.6,29.0,76.9,51.3,2,1,300000
8.82,98.2,64.9,29.4,66.8,1,1,280000
8.77,66.2,67.4,73.8,71.6,5,1,390000
7.3,81.1,69.8,26.5,100.0,5,1,270000
8.5,95.9,68.4,87.0,92.2,5,1,410000
6.71,71.8,55.1,73.0,69.8,5,1,380000
5.84,78.2,63.4,58.8,100.0,2,0,0
6.01,74.9,60.4,89.7,56.5,2,1,380000
5.99,64.6,63.3,91.4,79.9,1,1,280000
6.62,79.2,92.7,73.8,75.6,2,1,270000
6.69,65.5,36.0,2.7,69.1,3,0,0
7.37,66.8,92.6,58.8,56.9,5,1,400000
5.45,76.2,83.6,43.5,41.0,5,0,0
8.04,75.6,71.4,66.0,68.5,1,1,510000
9.93,73.0,59.0,48.3,75.1,3,1,470000
7.76,71.3,64.2,76.7,80.0,5,1,350000
5.0,68.0,93.4,78.2,39.8,3,0,0
6.28,78.1,70.9,51.7,83.7,4,0,0
10.0,61.7,83.6,91.2,72.6,2,1,490000
6.99,75.4,64.0,58.5,66.3,1,1,420000
6.87,77.3,70.7,26.1,81.0,3,0,0
4.94,94.8,61.9,63.7,74.5,0,0,0
9.07,69.4,62.2,59.3,94.4,1,1,430000
7.12,71.4,75.2,74.3,62.3,0,1,270000
7.2,87.9,62.2,33.3,53.5,1,1,280000
6.08,98.0,58.9,70.0,100.0,3,1,330000
8.35,80.9,75.3,58.7,87.6,0,1,280000
6.34,90.8,94.8,69.5,69.3,0,1,380000
7.19,78.3,87.2,83.9,77.1,3,1,380000
6.4,88.6,56.5,61.8,62.9,2,0,0
7.01,82.2,44.2,56.4,65.2,0,0,0
5.84,79.0,59.6,94.3,49.4,2,1,260000
9.08,56.6,55.3,76.0,80.1,1,1,490000
6.98,69.4,65.2,63.2,76.2,4,1,280000
7.17,75.0,80.2,72.8,68.9,2,1,310000
6.68,71.3,76.6,57.8,96.1,0,1,350000
8.18,72.4,58.0,41.1,91.9,0,1,340000
8.15,80.3,56.9,45.7,99.5,2,0,0
7.88,76.9,68.8,48.3,38.8,2,1,360000
8.44,66.9,49.4,62.9,76.8,1,0,0
7.36,76.7,73.3,55.8,52.7,4,1,310000
7.17,74.3,54.7,72.9,92.4,5,1,460000
8.13,79.1,71.4,55.3,66.1,2,1,340000
7.39,78.7,77.4,42.0,69.0,1,0,0
9.27,77.9,55.4,80.7,67.9,5,1,390000
7.3,68.7,53.9,35.5,86.7,4,1,380000
9.12,84.8,81.1,92.4,88.1,0,1,390000
7.51,71.2,59.1,74.1,51.0,3,1,380000
6.78,84.2,38.9,69.1,42.0,3,0,0
6.14,100.0,64.9,56.2,66.7,4,1,350000
8.02,80.0,48.5,43.1,64.0,1,1,220000
6.75,70.9,49.9,91.4,81.8,2,0,0
5.95,74.9,43.4,64.9,68.4,5,0,0
7.69,89.0,83.6,14.7,65.2,5,1,320000
9.51,93.2,37.2,61.8,69.3,2,1,310000
6.91,75.9,78.6,51.5,44.8,5,1,330000
6.44,94.3,85.3,68.2,66.4,3,1,360000
5.96,83.5,26.4,58.6,94.5,4,0,0
9.61,72.4,47.2,62.6,78.2,4,1,300000
8.52,96.3,82.5,77.7,59.6,3,1,410000
6.07,86.7,61.0,45.9,59.0,2,0,0
6.89,81.6,45.1,76.2,69.9,5,1,390000
6.5,77.4,63.4,34.7,72.1,5,0,0
7.22,88.9,45.2,10.1,47.8,4,0,0
5.85,76.2,58.7,27.2,51.7,5,0,0
7.05,65.5,79.6,44.7,81.3,0,0,0
7.23,79.7,78.7,83.6,77.7,1,1,450000
9.31,78.4,68.3,65.7,72.2,4,1,230000
9.66,83.7,89.1,84.2,68.0,5,1,430000
6.78,72.1,38.3,57.6,62.3,0,0,0
8.56,75.6,100.0,45.3,62.7,0,1,400000
7.47,73.3,85.2,30.9,60.0,5,1,250000
7.01,66.1,65.6,34.9,49.3,1,0,0
7.29,86.0,61.0,48.3,78.3,3,1,410000
8.44,82.0,64.2,71.8,70.9,3,1,370000
7.33,74.4,72.5,74.5,100.0,4,1,450000
8.06,72.9,69.7,35.5,91.1,4,1,340000
7.64,86.3,81.2,69.9,53.9,0,1,350000
6.05,96.8,58.0,44.7,60.1,4,1,350000
4.0,73.6,83.9,9.6,92.3,3,0,0
7.6,94.3,74.8,52.7,100.0,3,1,480000
10.0,67.9,50.9,76.4,63.2,2,1,370000
6.08,78.9,52.5,61.4,62.4,0,0,0
8.19,78.1,82.9,53.3,75.5,5,1,430000
6.93,75.0,53.7,25.1,77.8,5,1,370000
7.77,65.8,88.1,47.7,79.5,2,1,230000
7.95,80.9,70.0,73.7,95.2,2,1,340000
6.4,86.0,54.2,69.9,64.2,0,0,0
6.45,69.2,65.7,33.5,68.2,4,0,0
9.16,90.9,63.0,68.1,71.5,3,1,310000
7.63,77.8,70.9,71.7,69.5,4,0,0
7.03,93.6,55.7,99.9,99.4,5,1,400000
5.45,97.5,47.0,51.6,71.1,4,0,0
6.31,87.8,73.9,67.0,68.7,1,0,0
6.02,87.5,56.1,59.1,75.2,1,1,310000
8.84,89.8,60.4,57.3,70.3,4,0,0
6.03,83.0,63.6,67.2,89.7,3,1,330000
8.58,77.2,59.8,47.1,68.8,1,1,290000
6.96,90.0,55.5,48.6,53.3,2,0,0
8.57,56.4,71.4,75.1,75.3,5,1,310000
5.38,87.5,81.2,84.3,82.0,2,1,410000
7.71,68.6,81.7,78.2,80.6,1,1,390000
8.12,75.8,62.8,32.1,65.5,4,0,0
6.01,66.5,42.4,43.7,71.0,2,0,0
4.0,70.1,39.5,66.0,62.9,4,0,0
7.4,71.8,47.5,65.3,55.9,5,1,270000
7.72,100.0,87.6,56.5,70.4,1,1,320000
8.76,100.0,43.8,15.9,68.5,2,0,0
9.47,84.3,66.3,75.6,72.2,4,1,460000
8.45,74.8,48.8,64.2,100.0,2,1,400000
10.0,95.9,57.0,48.1,69.0,4,1,370000
8.3,92.9,50.5,81.8,79.3,3,1,280000
8.34,78.8,42.0,80.6,55.0,4,1,390000
9.98,80.9,54.9,65.3,57.9,1,1,350000
7.94,88.7,63.5,50.2,73.4,5,1,460000
8.86,89.8,45.1,63.5,60.7,1,0,0
9.01,83.5,76.2,83.9,89.0,0,1,440000
8.86,99.6,49.8,57.9,91.0,5,1,300000
7.19,61.6,74.9,55.5,56.7,3,0,0
8.58,96.5,43.5,38.9,74.1,5,0,0
6.77,79.6,51.6,18.4,65.3,3,0,0
7.07,83.2,73.8,97.9,54.4,1,1,410000
6.91,76.2,81.5,44.3,83.3,0,0,0
8.97,88.1,80.2,45.6,100.0,5,1,430000
6.64,70.2,61.9,64.3,59.4,3,0,0
7.79,70.5,44.1,42.5,71.7,0,0,0
6.68,83.5,68.3,16.3,87.5,4,0,0
6.85,83.5,58.3,25.9,63.4,0,0,0
6.92,84.8,70.1,40.7,82.4,4,1,370000
7.45,99.6,52.3,68.8,66.4,1,1,360000
5.7,89.1,50.7,62.1,59.2,2,0,0
5.67,71.9,58.4,66.5,75.0,1,0,0
5.74,85.1,70.5,71.8,58.9,4,1,300000
6.13,70.0,79.1,66.4,52.2,1,0,0
5.9,82.4,75.0,68.2,55.8,5,1,390000
4.91,99.2,51.3,44.1,65.2,1,0,0
6.68,71.7,71.6,87.9,74.1,0,1,250000
7.8,68.3,58.4,33.8,63.5,5,0,0
8.2,80.0,91.1,59.3,60.9,4,1,420000
7.56,81.7,55.3,17.0,47.0,4,0,0
8.46,75.3,76.7,56.3,62.3,3,1,280000
6.67,76.5,59.1,65.2,81.2,0,1,300000
8.48,56.3,84.6,34.3,49.4,3,0,0
5.6,73.4,66.8,9.1,53.9,4,0,0
8.39,71.3,64.3,79.6,72.5,5,1,380000
7.63,88.6,82.4,53.3,98.3,1,1,420000
7.22,89.8,64.9,41.7,61.1,2,0,0
5.96,96.9,60.7,100.0,56.6,3,0,0
7.43,72.7,65.6,75.7,73.7,4,1,420000
6.21,93.7,69.4,65.5,86.8,0,0,0
7.63,67.6,81.6,66.0,57.3,4,1,340000
8.45,71.5,98.2,55.6,68.0,4,1,480000
8.52,88.8,33.5,82.0,83.6,5,1,390000
7.71,69.1,78.2,76.6,69.2,5,1,500000
7.89,92.8,55.6,84.5,68.8,1,1,430000
7.13,100.0,59.7,70.6,56.1,2,1,370000
6.7,87.6,46.4,67.9,92.6,0,0,0
7.1,62.2,37.2,46.6,78.9,5,1,360000
8.78,94.6,72.9,81.1,99.2,4,1,480000
6.48,78.2,53.6,61.3,73.0,0,0,0
7.35,76.7,71.7,39.0,58.8,2,0,0
7.43,89.4,39.4,47.1,61.4,2,0,0
9.57,61.0,71.2,84.9,64.5,2,1,380000
6.4,91.8,40.6,62.6,81.3,2,0,0
4.57,85.7,79.5,38.9,84.1,4,0,0
5.4,71.5,73.0,65.2,71.8,2,1,290000
7.1,66.8,40.2,85.5,76.9,5,0,0
4.84,66.5,56.8,66.6,93.9,5,0,0
7.48,96.5,65.0,46.2,64.6,3,1,220000
7.24,79.3,44.6,80.5,80.1,1,1,380000
9.9,91.7,56.7,69.2,68.7,1,1,370000
9.06,94.0,86.8,65.3,78.5,3,1,330000
5.12,84.1,82.4,50.0,94.1,4,1,400000
8.22,92.1,50.5,39.1,53.2,5,0,0
4.93,75.4,54.3,61.7,80.9,3,0,0
7.44,88.5,92.6,60.0,77.9,3,1,390000
5.71,76.7,39.9,61.7,62.2,2,1,290000
5.74,69.8,55.7,56.1,81.9,1,0,0
8.52,94.0,53.7,72.5,68.7,1,1,480000
5.36,78.1,47.5,39.9,67.0,4,0,0
7.95,70.4,70.8,49.9,64.7,4,1,370000
5.72,84.5,51.8,60.9,92.9,0,1,340000
7.72,84.3,62.1,91.5,68.4,1,1,370000
8.34,80.6,41.9,76.9,55.5,5,1,360000
7.78,71.3,85.5,19.0,94.3,0,0,0
6.77,78.3,74.0,50.8,68.2,5,1,310000
7.51,97.2,42.0,71.5,86.3,0,1,370000
4.13,76.2,42.6,65.1,65.0,5,0,0
7.23,63.6,57.7,56.9,57.4,2,0,0
9.32,67.0,66.5,69.6,61.1,1,1,370000
7.94,67.3,56.1,69.1,89.4,5,1,410000
5.9,82.1,60.5,66.3,73.6,4,1,320000
5.83,100.0,65.3,53.0,64.7,4,1,220000
7.66,75.0,69.6,100.0,76.1,3,1,370000
7.47,77.9,47.7,82.3,70.0,5,1,430000
6.57,83.2,61.8,47.7,75.4,5,1,390000
5.13,84.0,40.8,36.9,79.9,3,0,0
7.23,87.5,64.6,60.6,60.5,1,0,0
8.74,70.7,51.3,81.0,67.7,4,1,510000
7.83,74.1,54.6,28.9,76.9,3,0,0
7.13,76.3,59.5,58.9,74.0,0,0,0
7.91,91.0,80.9,75.1,81.3,4,1,400000
6.36,70.6,75.1,64.3,69.5,1,0,0
5.96,60.9,73.3,40.5,60.9,5,0,0
8.65,76.1,49.0,83.0,75.3,0,1,360000
7.28,61.1,74.2,66.6,63.1,1,1,280000
6.74,78.7,53.8,57.5,63.4,5,0,0
5.64,74.1,67.0,33.9,59.3,3,0,0
8.04,75.9,71.4,78.4,65.4,4,1,450000
6.45,83.3,46.6,100.0,63.5,5,1,380000
5.75,86.8,50.0,43.8,75.7,5,1,360000
7.42,100.0,50.7,66.5,63.7,4,0,0
8.14,80.6,66.3,58.5,80.4,2,1,380000
9.71,82.5,60.5,45.1,52.0,4,1,360000
7.69,82.3,60.0,68.6,56.7,1,1,330000
7.46,88.4,47.4,48.9,71.2,2,0,0
7.7,74.1,75.5,32.8,40.9,4,0,0
7.29,77.8,70.3,41.7,76.4,2,0,0
6.22,95.1,38.9,80.1,77.4,5,1,260000
9.11,61.4,50.9,38.9,87.2,2,1,280000
6.84,78.6,54.4,59.8,93.1,3,1,410000
9.47,77.0,59.2,56.0,46.0,1,1,310000
7.84,83.1,60.7,57.2,64.9,4,1,270000
5.8,86.2,66.3,37.2,74.8,4,0,0
8.05,93.0,64.0,45.0,93.4,2,1,380000
6.87,68.0,76.8,73.4,63.5,2,1,290000
7.28,78.8,50.0,100.0,36.0,3,0,0
6.58,72.5,74.7,53.3,66.5,5,0,0
7.85,76.1,99.5,76.4,97.1,2,1,350000
9.34,81.3,77.6,74.1,80.2,4,1,410000
7.86,92.2,65.0,34.8,36.5,5,0,0
7.43,78.2,45.8,45.3,78.8,2,0,0
8.06,94.7,62.8,82.2,75.2,5,1,430000
7.19,99.4,49.0,26.2,99.9,5,0,0
4.96,98.3,41.4,58.3,84.2,4,0,0
6.74,78.7,48.4,59.9,72.8,1,0,0
8.4,76.0,40.3,62.1,92.6,2,1,290000
6.88,74.8,82.5,56.8,78.0,3,0,0
9.2,68.3,83.8,64.7,68.4,3,1,450000
7.22,76.4,36.8,94.3,54.0,1,0,0
6.14,86.5,53.4,67.7,57.1,1,0,0
7.68,85.3,39.0,50.8,78.4,5,0,0
9.62,67.0,35.3,78.6,72.8,4,1,350000
8.41,75.7,30.8,42.8,79.6,1,0,0
7.21,63.1,76.3,45.9,56.2,5,1,290000
8.38,76.7,66.3,50.7,80.1,4,1,450000
6.29,70.9,49.6,42.5,70.4,0,0,0
6.98,69.5,44.6,59.6,66.6,3,0,0
6.85,80.3,66.3,64.8,70.2,2,1,230000
8.31,77.8,60.2,48.1,72.6,3,1,320000
8.43,71.4,57.5,79.7,70.3,0,1,430000
5.76,68.3,62.2,40.3,88.1,4,0,0
5.08,76.8,69.2,36.4,43.2,0,0,0
8.15,74.8,23.1,46.5,84.4,5,0,0
8.26,78.5,36.1,75.4,71.8,1,0,0
6.04,86.5,82.0,68.1,87.7,3,1,380000
8.69,86.3,73.5,84.0,84.9,3,1,460000
6.38,85.7,73.7,84.1,67.7,3,1,440000
8.4,84.8,50.9,34.7,82.5,0,1,300000
8.49,87.2,53.1,78.5,50.2,4,1,440000
6.96,76.2,60.7,58.1,76.5,5,1,290000
7.96,75.5,80.8,87.0,82.2,5,1,530000
7.65,69.2,59.7,52.9,76.8,4,1,280000
7.52,78.4,47.4,60.4,77.3,3,0,0
7.62,93.3,49.8,63.1,87.8,1,1,280000
8.22,74.6,45.8,33.2,72.5,0,0,0
7.31,77.8,78.5,36.4,76.6,0,0,0
8.69,83.1,74.8,86.9,52.4,4,1,350000
6.11,74.4,89.4,53.0,67.4,2,0,0
6.37,99.1,75.8,29.5,73.0,3,0,0
8.73,91.5,62.2,84.2,47.1,4,1,390000
8.96,84.7,83.3,56.8,90.5,4,1,410000
10.0,68.2,60.2,86.7,62.6,4,1,560000
7.12,84.2,48.2,50.7,58.2,1,0,0
8.15,75.1,62.5,72.7,82.4,0,1,440000
7.44,73.2,53.4,46.3,83.3,5,1,340000
7.9,93.9,60.8,45.8,81.5,4,1,420000
7.44,81.0,59.6,43.2,66.7,0,0,0
7.89,74.3,82.0,20.9,53.1,0,0,0
6.66,70.9,42.9,29.7,56.8,3,0,0
7.87,78.5,45.8,56.6,61.7,0,0,0
7.97,94.7,74.6,20.2,46.0,2,1,330000
8.09,72.3,51.9,77.5,80.3,1,1,400000
5.52,68.7,65.2,28.7,68.5,3,0,0
9.6,90.6,45.5,87.2,64.1,1,1,440000
9.1,91.4,70.8,16.4,66.8,3,0,0
8.07,76.7,55.8,79.4,79.1,2,1,330000
9.01,95.9,80.5,17.6,66.4,5,0,0
8.66,82.3,69.9,52.5,68.3,4,1,270000
8.25,73.5,70.4,54.0,72.5,0,0,0
6.58,75.9,75.3,49.0,74.3,2,1,330000
7.76,65.2,63.8,71.6,98.4,4,1,560000
6.69,79.4,57.3,74.1,84.7,2,1,470000
6.84,77.2,53.1,99.1,65.3,0,1,350000
5.73,82.7,68.9,64.1,61.6,4,1,320000
8.81,71.1,59.0,39.8,61.7,1,1,320000
7.09,65.5,25.4,48.7,70.6,1,0,0
9.3,89.9,62.8,51.4,62.0,3,1,390000
4.64,84.5,84.7,93.4,69.3,1,1,360000
6.95,65.9,72.5,19.8,66.4,3,0,0
8.54,87.4,71.9,46.6,58.6,4,1,300000
9.27,91.1,68.9,43.0,54.3,4,0,0
5.94,83.2,65.8,74.9,79.3,0,1,270000
6.31,95.4,42.9,41.0,45.8,4,0,0
7.25,74.2,53.1,31.3,63.2,0,0,0
6.38,73.9,38.8,47.4,86.8,0,1,350000
6.01,71.2,42.2,38.9,59.9,0,0,0
9.36,89.9,89.6,31.9,69.8,1,1,300000
6.8,70.7,59.7,86.7,60.4,2,1,320000
6.84,96.9,50.6,19.5,92.0,2,0,0
9.08,79.2,51.3,44.6,86.9,0,0,0
6.47,89.2,87.1,70.2,76.1,2,1,410000
8.08,74.5,60.6,40.9,63.9,3,1,350000
6.74,82.7,68.8,69.7,42.9,2,0,0
7.87,75.1,87.3,59.5,73.8,0,1,410000
9.04,96.3,42.7,14.5,75.4,3,0,0
9.12,63.7,53.4,16.5,58.2,3,0,0
6.26,76.5,59.1,70.1,54.4,5,0,0
7.62,91.8,49.0,73.4,42.2,4,1,450000
6.36,81.0,31.5,35.3,91.3,4,0,0
10.0,77.0,68.0,38.0,97.8,0,1,310000
7.55,94.1,53.5,34.5,62.5,4,0,0
7.35,83.0,50.6,88.9,52.4,3,1,420000
6.54,76.0,40.1,100.0,67.5,5,1,390000
9.27,72.2,62.2,34.5,85.7,1,1,360000
5.93,73.5,58.6,91.6,87.0,1,1,370000
5.16,79.3,63.6,70.5,64.3,0,1,360000
7.41,66.4,85.8,42.5,62.2,1,0,0
7.37,95.5,38.2,63.4,78.9,0,0,0
9.08,77.3,77.5,25.7,70.3,3,0,0
7.6,90.7,58.3,49.5,68.6,5,0,0
7.3,98.4,80.8,67.2,53.1,4,1,400000
7.69,95.1,56.0,69.9,54.3,2,1,350000
8.68,75.2,48.4,14.0,68.2,4,0,0
5.55,61.0,34.5,78.6,78.5,2,0,0
7.8,72.7,50.6,48.8,65.0,5,0,0
6.83,76.5,53.0,86.1,78.1,5,1,440000
7.95,80.2,49.5,72.9,64.5,5,1,340000
7.34,86.4,71.5,61.3,90.3,1,1,300000
9.13,75.6,63.0,50.2,74.9,5,1,400000
7.65,65.6,68.1,47.9,77.3,2,1,340000
4.75,84.8,43.2,25.4,67.4,5,0,0
7.63,71.2,68.1,66.7,72.5,2,0,0
8.43,79.8,68.6,48.4,100.0,1,1,460000
6.92,76.0,56.6,60.6,71.2,5,0,0
8.52,86.7,64.8,65.3,91.9,3,1,430000
8.9,81.4,64.6,59.3,84.5,1,1,390000
6.7,59.4,48.9,49.1,86.2,3,0,0
5.91,89.2,67.2,53.0,72.2,5,1,390000
8.07,69.6,33.0,40.8,55.6,3,0,0
10.0,91.6,56.4,44.8,78.3,3,1,350000
7.57,71.7,70.5,84.3,91.6,2,1,370000
6.65,59.9,55.4,46.2,88.3,5,1,360000
7.62,82.5,100.0,70.6,71.1,4,1,450000
6.62,70.8,91.8,52.0,72.7,2,1,350000
9.48,86.1,72.3,62.7,77.8,3,1,360000
9.76,72.6,41.0,52.5,70.6,5,1,350000
8.6,91.3,32.0,68.0,92.4,1,1,390000
9.19,81.3,88.0,39.1,86.9,4,1,510000
9.54,87.2,80.2,77.7,66.0,1,1,380000
5.54,88.2,87.5,56.6,51.6,4,1,390000
6.49,77.5,75.1,57.0,78.9,0,0,0
7.98,83.8,45.1,75.7,54.8,4,1,330000
8.03,81.2,76.9,37.5,70.5,3,0,0
7.63,80.6,86.0,46.0,59.8,5,1,270000
8.23,63.9,61.4,47.3,58.3,3,0,0
7.55,86.2,57.8,34.9,65.8,0,0,0
6.04,67.5,64.2,61.6,70.7,4,1,320000
9.15,78.0,93.7,15.3,53.3,5,1,320000
6.98,73.2,74.3,93.5,54.4,3,0,0
6.79,80.1,69.4,56.9,63.2,2,1,270000
6.4,95.6,65.2,54.1,67.9,1,0,0
7.66,82.0,59.3,59.3,71.5,4,1,400000
7.13,85.9,59.1,44.1,72.4,0,0,0
7.6,90.3,74.8,100.0,87.8,0,1,420000
8.02,76.4,79.9,50.4,63.8,5,1,380000
7.89,88.9,63.3,78.0,89.1,2,1,420000
9.03,94.8,56.1,63.2,52.6,4,1,570000
8.68,94.8,96.2,47.3,53.2,1,1,310000
9.53,90.2,15.6,64.5,46.0,2,0,0
8.76,81.0,72.9,49.2,60.3,4,1,490000
10.0,72.7,77.5,47.6,100.0,5,1,460000
7.54,77.4,48.2,55.6,78.3,3,0,0
7.0,80.1,65.4,29.3,61.2,2,0,0
7.01,93.9,79.4,72.3,62.1,4,1,420000
7.5,77.8,40.2,69.6,80.8,2,0,0
6.19,68.8,86.1,60.2,52.8,4,1,270000
8.74,82.2,60.5,100.0,44.3,5,1,400000
9.66,90.0,64.5,53.3,91.2,0,1,330000
8.38,86.1,54.5,47.0,78.7,0,1,400000
5.58,73.6,73.7,73.8,49.0,5,0,0
8.97,75.1,75.0,56.5,69.7,2,1,390000
8.64,72.9,60.6,63.1,58.5,4,1,430000
6.89,79.1,59.4,30.8,57.8,4,0,0
6.29,91.0,50.5,8.2,77.2,3,0,0
8.52,85.2,81.4,100.0,78.0,0,1,520000
7.04,68.9,77.9,42.8,61.3,5,0,0
6.88,78.6,55.7,77.8,62.3,0,0,0
9.64,82.5,74.2,39.1,59.9,5,1,550000
6.85,72.9,45.7,42.9,78.9,2,0,0
5.16,71.2,55.8,93.1,72.1,2,1,260000
7.55,76.9,55.0,77.6,87.1,5,1,600000
6.76,78.6,75.6,88.0,92.0,1,1,360000
7.53,82.9,61.8,69.5,69.4,4,1,330000
7.03,65.7,73.4,58.4,31.3,4,1,230000
6.64,100.0,50.4,73.3,80.1,2,1,430000
9.27,100.0,47.9,53.2,62.4,2,1,310000
9.47,76.8,87.2,58.9,77.4,3,1,350000
7.19,84.1,60.7,60.8,66.7,0,0,0
5.62,91.1,58.8,62.9,90.2,4,1,240000
5.44,77.1,66.1,46.9,95.3,5,1,350000
7.26,76.2,55.2,59.0,61.6,0,1,290000
8.45,74.9,82.6,91.4,60.1,2,1,600000
6.92,87.1,46.9,68.6,76.7,5,1,560000
9.66,79.2,58.5,95.1,85.5,3,1,480000
8.52,90.2,73.8,67.0,40.2,2,1,310000
10.0,90.2,65.2,51.4,42.0,3,1,430000
8.11,89.9,34.7,41.6,78.9,2,1,380000
7.17,79.0,78.1,26.3,63.6,3,1,270000
7.84,97.5,72.2,73.9,56.5,0,1,260000
6.06,62.6,49.9,71.6,65.7,0,0,0
7.63,68.4,84.9,55.0,58.9,3,1,430000
8.64,69.6,42.2,64.6,83.1,4,1,340000
8.42,80.9,57.7,54.5,47.6,2,1,290000
8.0,86.8,36.1,81.4,62.3,4,1,470000
7.19,76.9,72.3,86.4,71.9,1,1,330000
5.16,74.5,75.6,33.1,62.8,5,0,0
6.54,89.4,60.0,68.9,78.0,3,1,320000
5.2,91.8,70.5,72.0,41.7,4,0,0
5.79,67.7,46.8,56.0,46.1,0,0,0
5.18,91.0,70.9,67.1,83.8,5,1,320000
6.06,94.0,80.6,42.8,71.2,5,0,0
6.83,95.6,70.8,67.1,62.1,2,0,0
7.95,83.7,85.2,74.5,71.3,3,1,370000
7.52,77.1,85.7,82.3,64.8,0,1,390000
7.8,78.4,64.3,62.7,76.3,4,1,410000
8.21,100.0,70.6,77.1,94.4,2,1,540000
8.55,77.1,74.4,79.9,68.5,4,1,380000
9.52,87.7,66.5,35.5,61.7,1,0,0
8.71,72.8,71.7,58.5,74.0,5,1,500000
5.67,82.4,73.9,87.5,92.2,3,1,340000
6.22,85.5,43.8,78.6,63.4,4,1,290000
8.84,92.8,59.6,35.5,82.9,0,1,280000
6.51,87.3,63.0,29.6,75.8,3,0,0
6.9,99.0,67.1,67.0,79.2,5,1,400000
7.37,81.2,54.7,33.5,55.5,5,0,0
8.07,82.8,48.7,75.6,97.4,1,1,420000
10.0,90.8,54.3,82.8,77.7,3,1,490000
7.35,72.0,60.5,34.3,66.2,5,1,350000
8.56,76.7,46.6,17.6,87.9,1,0,0
7.56,75.2,64.9,83.5,64.4,0,1,270000
7.33,61.2,61.5,60.1,78.8,2,1,360000
8.46,91.4,69.9,64.5,70.3,3,1,450000
8.03,94.1,53.3,61.0,53.5,4,1,390000
9.53,81.9,95.8,57.6,82.0,3,1,530000
7.2,81.0,74.8,86.3,75.7,1,0,0
6.86,80.3,61.3,37.4,87.4,5,1,330000
6.09,75.9,46.1,64.8,72.8,2,0,0
4.31,80.9,54.6,47.5,83.1,0,0,0
6.97,77.2,46.8,87.1,47.9,5,1,300000
7.21,83.8,57.1,75.5,56.9,1,1,350000
7.6,88.6,84.7,75.5,75.0,1,1,310000
8.56,81.1,36.0,69.7,40.6,2,0,0
8.84,81.4,78.0,62.4,58.0,0,1,390000
7.7,75.7,58.8,43.9,44.5,2,0,0
8.01,87.3,74.9,57.4,43.3,0,0,0
8.3,69.6,63.9,66.1,85.2,1,1,350000
5.36,62.2,61.0,34.3,60.0,4,0,0
7.93,69.2,71.7,94.5,62.6,2,1,440000
6.14,85.1,69.7,79.3,58.3,4,1,260000
7.6,81.8,56.4,21.8,60.8,5,0,0
8.38,77.0,47.3,32.3,89.7,4,0,0
7.44,76.5,70.1,81.2,71.5,2,1,370000
8.19,71.5,86.1,26.1,50.7,2,0,0
8.27,67.1,64.2,87.1,63.9,1,1,450000
9.61,83.1,58.6,81.4,85.7,0,1,400000
7.78,87.6,91.0,66.4,66.7,5,1,400000
9.36,59.4,62.0,60.4,74.0,4,1,270000
7.37,83.5,95.7,48.1,55.2,3,0,0
9.3,74.4,69.6,67.5,66.6,4,0,0
6.69,68.7,67.9,35.9,63.5,4,0,0
9.06,92.6,55.5,83.3,50.8,1,1,430000
8.27,77.2,73.2,68.6,67.6,4,1,430000
8.89,84.3,62.7,50.7,53.7,1,0,0
9.9,75.3,78.1,52.7,64.0,0,0,0
5.91,62.8,89.0,67.1,71.5,5,1,310000
7.6,92.7,51.2,100.0,52.1,0,1,540000
6.64,78.4,63.2,60.9,100.0,2,0,0
6.61,100.0,65.5,43.2,75.6,3,0,0
5.83,64.9,66.6,39.7,99.4,3,0,0
6.28,81.9,77.9,33.3,89.9,1,0,0
7.05,68.7,52.8,81.8,79.5,3,0,0
6.81,64.1,59.0,50.1,49.9,0,0,0
6.13,88.2,62.6,67.6,79.9,5,1,410000
7.69,60.7,54.5,27.4,62.8,5,0,0
8.0,84.6,53.9,50.2,68.7,2,1,280000
8.52,98.6,94.3,45.9,75.8,4,1,460000
6.49,68.8,98.8,30.1,77.4,1,1,270000
9.08,84.3,58.1,53.3,78.8,4,1,440000
8.91,90.7,34.0,77.8,48.5,0,1,370000
7.63,86.7,90.9,47.8,67.5,3,1,390000
9.12,94.4,25.4,21.6,65.4,3,1,340000
8.4,96.1,100.0,69.8,71.5,1,1,560000
6.26,91.1,62.9,60.7,78.9,5,1,360000
6.84,84.1,53.3,74.0,65.2,4,1,320000
8.51,83.2,68.1,100.0,100.0,4,1,390000
6.95,62.4,82.8,60.8,39.7,5,1,430000
5.33,99.0,46.6,50.4,68.9,2,0,0
7.96,76.3,57.4,82.4,74.7,0,1,340000
8.9,78.4,77.0,57.3,59.8,2,1,410000
5.96,69.0,63.9,77.3,80.2,3,0,0
7.56,74.3,78.2,36.6,71.5,1,0,0
8.22,82.1,56.2,62.2,62.7,3,1,380000
8.59,82.4,60.6,37.7,41.0,1,0,0
7.88,83.1,71.4,50.7,78.8,2,1,390000
5.87,74.3,77.4,100.0,95.6,1,1,440000
7.08,82.0,67.6,30.1,72.6,5,0,0
8.11,79.4,40.8,92.8,80.4,0,1,380000
9.47,89.2,56.1,41.5,89.4,0,1,370000
7.33,82.6,53.2,44.7,100.0,4,0,0
9.15,94.5,68.9,44.5,77.4,4,0,0
